row_names;tree_id;Family;Provenance;Bloc;Recovery_2002;Relative_resilience_2002;Resilience_2002;Resistance_2002
1;157888;1;1;1;1.94;0.5;1.03;0.53
2;157890;2;1;1;1.18;0.09;0.62;0.52
3;157899;3;1;1;0.71;-0.19;0.46;0.65
4;157903;6;2;1;1.47;0.24;0.76;0.51
5;157905;162;33;1;1.24;0.16;0.86;0.69
6;157912;5;1;1;1.23;0.2;1.04;0.84
7;157916;6;2;1;0.91;-0.06;0.62;0.69
8;157918;8;2;1;1.48;0.41;1.26;0.85
9;157920;6;2;1;1.26;0.19;0.93;0.73
10;157923;7;2;1;1.21;0.16;0.92;0.76
11;157925;8;2;1;1;0;0.81;0.81
12;157936;8;2;1;1.09;0.06;0.7;0.64
13;157942;9;2;1;0.91;-0.07;0.68;0.75
14;157947;10;2;1;1.09;0.07;0.84;0.77
15;157950;8;2;1;1.2;0.14;0.86;0.72
16;157957;12;3;1;0.91;-0.06;0.59;0.65
17;157960;12;3;1;1.35;0.26;1.01;0.75
18;157964;12;3;1;1.48;0.31;0.94;0.64
19;157970;13;3;1;1.01;0.01;0.71;0.7
20;157974;15;3;1;0.87;-0.08;0.56;0.65
21;157978;14;3;1;1.21;0.16;0.91;0.75
22;157982;15;3;1;1.02;0.01;0.62;0.61
23;157986;16;4;1;0.91;-0.07;0.77;0.84
24;157992;17;4;1;0.85;-0.1;0.57;0.67
25;157995;17;4;1;1.15;0.11;0.85;0.74
26;157997;17;4;1;1.34;0.27;1.04;0.77
27;157999;17;4;1;1.04;0.03;0.81;0.79
28;158011;20;4;1;1.17;0.13;0.92;0.79
29;158013;21;5;1;1.43;0.31;1.04;0.73
30;158015;21;5;1;0.96;-0.03;0.65;0.68
31;158018;21;5;1;1.34;0.27;1.06;0.79
32;158022;22;5;1;0.8;-0.1;0.41;0.51
33;158024;22;5;1;0.8;-0.14;0.55;0.68
34;158029;129;26;1;1.26;0.2;0.95;0.75
35;158036;24;5;1;1.43;0.28;0.93;0.65
36;158038;24;5;1;0.94;-0.04;0.54;0.57
37;158044;25;5;1;1.68;0.54;1.32;0.78
38;158055;27;6;1;0.99;-0.01;0.59;0.6
39;158058;28;6;1;1.08;0.08;1.06;0.98
40;158074;30;6;1;1.08;0.04;0.53;0.49
41;158079;7;2;1;1.26;0.17;0.81;0.64
42;158087;32;7;1;1.21;0.16;0.89;0.74
43;158090;33;7;1;1.52;0.4;1.18;0.77
44;158096;34;7;1;0.86;-0.12;0.75;0.87
45;158104;35;7;1;0.81;-0.17;0.71;0.88
46;158116;37;8;1;1.2;0.14;0.83;0.69
47;158119;37;8;1;0.68;-0.25;0.53;0.79
48;158123;38;8;1;0.99;-0.01;0.6;0.61
49;158125;38;8;1;1;0;0.69;0.69
50;158129;40;8;1;1.19;0.11;0.68;0.57
51;158137;40;8;1;1.18;0.13;0.82;0.69
52;158139;40;8;1;1.5;0.31;0.94;0.62
53;158143;41;9;1;1.27;0.16;0.78;0.62
54;158148;41;9;1;2.05;0.5;0.97;0.48
55;158156;41;9;1;1.21;0.15;0.87;0.72
56;158160;41;9;1;1.44;0.31;1;0.69
57;158169;41;9;1;1.03;0.02;0.75;0.73
58;158172;46;10;1;1.53;0.34;0.97;0.63
59;158176;46;10;1;1.23;0.19;1.02;0.83
60;158178;46;10;1;1.42;0.26;0.88;0.62
61;158183;49;10;1;1.22;0.15;0.85;0.7
62;158191;46;10;1;1.21;0.11;0.66;0.55
63;158195;49;10;1;1.15;0.11;0.87;0.76
64;158198;49;10;1;1.02;0.01;0.73;0.71
65;158201;49;10;1;1.79;0.32;0.72;0.4
66;158204;49;10;1;1.2;0.14;0.83;0.69
67;158209;51;11;1;1.1;0.09;1.08;0.99
68;158211;51;11;1;0.97;-0.03;0.83;0.86
69;158224;54;11;1;0.76;-0.17;0.53;0.7
70;158233;55;11;1;1.33;0.29;1.17;0.88
71;158237;56;12;1;1.05;0.03;0.67;0.64
72;158239;56;12;1;1.04;0.02;0.56;0.54
73;158246;57;12;1;1.03;0.02;0.78;0.76
74;158256;59;12;1;0.86;-0.1;0.59;0.69
75;158270;61;13;1;0.94;-0.04;0.62;0.66
76;158276;61;13;1;0.9;-0.08;0.68;0.76
77;158281;61;13;1;0.86;-0.09;0.56;0.65
78;158285;61;13;1;0.83;-0.11;0.51;0.62
79;158291;61;13;1;0.89;-0.08;0.61;0.69
80;158295;61;13;1;0.83;-0.11;0.54;0.65
81;158301;66;14;1;1.14;0.09;0.69;0.6
82;158305;67;14;1;1.24;0.16;0.84;0.67
83;158307;67;14;1;1.17;0.12;0.85;0.73
84;158313;68;14;1;1.51;0.4;1.19;0.79
85;158321;69;14;1;1.26;0.2;0.95;0.75
86;158324;70;14;1;1.05;0.03;0.7;0.66
87;158328;70;14;1;0.92;-0.06;0.63;0.69
88;158330;71;15;1;1.01;0;0.67;0.67
89;158341;72;15;1;1.21;0.12;0.7;0.58
90;158358;75;15;1;0.85;-0.1;0.6;0.7
91;158362;75;15;1;0.88;-0.08;0.63;0.71
92;158369;76;16;1;1.01;0.01;0.71;0.7
93;158373;77;16;1;1.08;0.05;0.7;0.64
94;158376;77;16;1;1.02;0.02;0.78;0.76
95;158378;77;16;1;1.32;0.18;0.72;0.55
96;158392;80;16;1;1.6;0.38;1.03;0.64
97;158399;81;17;1;1;0;0.57;0.58
98;158404;81;17;1;1.26;0.2;0.97;0.77
99;158409;82;17;1;1.09;0.05;0.65;0.6
100;158417;81;17;1;1.41;0.28;0.95;0.67
101;158420;84;17;1;0.94;-0.04;0.63;0.67
102;158430;77;16;1;0.85;-0.1;0.59;0.69
103;158433;86;18;1;1.32;0.19;0.8;0.61
104;158435;86;18;1;1.03;0.03;0.84;0.81
105;158449;101;21;1;1.53;0.3;0.87;0.57
106;158455;89;18;1;0.92;-0.06;0.64;0.7
107;158459;101;21;1;1.46;0.33;1.04;0.71
108;158461;101;21;1;0.86;-0.09;0.58;0.67
109;158465;90;18;1;0.92;-0.05;0.6;0.65
110;158471;91;19;1;1.19;0.13;0.79;0.66
111;158474;92;19;1;1.15;0.12;0.91;0.79
112;158479;93;19;1;1.24;0.15;0.78;0.63
113;158482;93;19;1;1.31;0.24;0.99;0.75
114;158487;94;19;1;1.18;0.13;0.87;0.74
115;158489;94;19;1;1.06;0.04;0.69;0.65
116;158494;95;19;1;1.24;0.17;0.88;0.71
117;158496;95;19;1;0.91;-0.07;0.69;0.75
118;158500;108;22;1;1.18;0.11;0.76;0.64
119;158506;97;20;1;1.59;0.49;1.32;0.83
120;158513;179;36;1;0.83;-0.11;0.55;0.66
121;158519;99;20;1;1.03;0.02;0.75;0.73
122;158524;100;20;1;1.26;0.19;0.93;0.74
123;158527;108;22;1;0.83;-0.09;0.44;0.53
124;158533;101;21;1;1.37;0.28;1.03;0.75
125;158537;102;21;1;1.31;0.28;1.17;0.89
126;158542;102;21;1;1.36;0.25;0.93;0.68
127;158545;103;21;1;1.19;0.13;0.79;0.66
128;158549;103;21;1;1.11;0.07;0.71;0.64
129;158554;104;21;1;1.08;0.05;0.65;0.6
130;158556;104;21;1;1.52;0.36;1.05;0.69
131;158558;105;21;1;1.1;0.07;0.76;0.69
132;158561;105;21;1;0.96;-0.03;0.66;0.69
133;158571;106;22;1;1.18;0.13;0.83;0.7
134;158579;107;22;1;1.26;0.21;1.04;0.83
135;158582;107;22;1;0.84;-0.12;0.61;0.73
136;158585;108;22;1;1.17;0.12;0.84;0.72
137;158587;108;22;1;1.11;0.08;0.84;0.75
138;158590;108;22;1;1.48;0.31;0.94;0.63
139;158599;77;16;1;1.15;0.09;0.67;0.58
140;158606;111;23;1;1.43;0.29;0.96;0.67
141;158609;111;23;1;0.92;-0.11;1.33;1.45
142;158614;117;24;1;1.39;0.29;1.01;0.73
143;158617;111;23;1;1.68;0.82;2.03;1.21
144;158622;111;23;1;1.42;0.34;1.15;0.81
145;158628;114;23;1;0.65;-0.23;0.43;0.66
146;158632;95;19;1;0.96;-0.03;0.7;0.73
147;158635;95;19;1;1.02;0.01;0.69;0.68
148;158639;116;24;1;1.15;0.12;0.96;0.84
149;158645;117;24;1;1.16;0.1;0.73;0.63
150;158648;117;24;1;0.93;-0.05;0.75;0.81
151;158651;118;24;1;0.84;-0.09;0.47;0.56
152;158659;19;4;1;0.88;-0.12;0.93;1.05
153;158665;120;24;1;1.39;0.28;0.99;0.71
154;158671;121;25;1;1.13;0.07;0.59;0.52
155;158675;122;25;1;0.59;-0.24;0.35;0.59
156;158679;122;25;1;0.49;-0.87;0.83;1.69
157;158683;123;25;1;0.84;-0.11;0.57;0.68
158;158691;124;25;1;1.03;0.02;0.61;0.59
159;158697;125;25;1;1.46;0.27;0.85;0.58
160;158700;126;26;1;1.14;0.09;0.77;0.68
161;158704;126;26;1;0.81;-0.14;0.59;0.73
162;158710;127;26;1;0.76;-0.14;0.46;0.6
163;158713;128;26;1;0.61;-0.32;0.5;0.82
164;158719;129;26;1;1.02;0.01;0.7;0.69
165;158721;129;26;1;1.68;0.52;1.28;0.76
166;158728;130;26;1;1.16;0.1;0.74;0.64
167;158730;130;26;1;1.11;0.06;0.66;0.6
168;158737;131;27;1;0.98;-0.01;0.61;0.62
169;158739;132;27;1;1.27;0.24;1.11;0.87
170;158746;133;27;1;1.41;0.26;0.91;0.65
171;158750;133;27;1;1.01;0.01;0.74;0.73
172;158754;134;27;1;0.8;-0.15;0.6;0.75
173;158757;134;27;1;1.14;0.12;0.99;0.87
174;158760;135;27;1;0.99;-0.01;0.67;0.68
175;158763;135;27;1;1.19;0.12;0.71;0.6
176;158772;137;28;1;0.63;-0.39;0.66;1.05
177;158776;137;28;1;0.77;-0.16;0.54;0.7
178;158779;138;28;1;1.1;0.06;0.66;0.6
179;158787;139;28;1;1.61;0.37;0.99;0.62
180;158789;138;28;1;1.34;0.21;0.84;0.63
181;158791;140;28;1;0.64;-0.24;0.43;0.67
182;158793;140;28;1;NA;NA;NA;0.54
183;158805;142;29;1;0.82;-0.14;0.62;0.76
184;158807;142;29;1;1.28;0.19;0.86;0.67
185;158810;143;29;1;1.22;0.21;1.13;0.92
186;158813;143;29;1;1.04;0.03;0.71;0.68
187;158820;144;29;1;0.88;-0.1;0.7;0.79
188;158826;145;29;1;0.9;-0.05;0.47;0.52
189;158831;146;30;1;1.21;0.17;0.99;0.82
190;158839;147;30;1;1.12;0.08;0.74;0.66
191;158844;148;30;1;0.76;-0.17;0.55;0.73
192;158846;148;30;1;0.93;-0.05;0.67;0.71
193;158851;149;30;1;0.99;-0.01;0.74;0.75
194;158855;150;30;1;NA;NA;NA;0.53
195;158863;151;31;1;0.87;-0.09;0.62;0.71
196;158869;152;31;1;1.19;0.14;0.89;0.75
197;158872;152;31;1;1.53;0.42;1.22;0.8
198;158875;153;31;1;0.9;-0.07;0.6;0.67
199;158877;153;31;1;0.79;-0.13;0.5;0.62
200;158882;154;31;1;0.83;-0.13;0.62;0.74
201;158888;155;31;1;1.09;0.07;0.79;0.72
202;158891;155;31;1;1.03;0.02;0.74;0.72
203;158896;156;32;1;1.05;0.04;0.72;0.68
204;158901;157;32;1;0.67;-0.22;0.45;0.67
205;158903;157;32;1;1.09;0.06;0.73;0.67
206;158905;157;32;1;1.22;0.16;0.87;0.72
207;158909;158;32;1;1.23;0.13;0.69;0.56
208;158913;158;32;1;1.2;0.13;0.77;0.64
209;158916;159;32;1;1.11;0.07;0.7;0.63
210;158919;159;32;1;1.3;0.17;0.74;0.57
211;158924;160;32;1;0.92;-0.05;0.62;0.67
212;158926;160;32;1;1.16;0.1;0.72;0.62
213;158932;161;33;1;1.41;0.33;1.13;0.81
214;158943;163;33;1;0.66;-0.24;0.46;0.7
215;158945;163;33;1;1.14;0.09;0.74;0.65
216;158950;164;33;1;1.5;0.3;0.91;0.61
217;158957;165;33;1;0.84;-0.09;0.47;0.57
218;158959;165;33;1;NA;NA;NA;0.47
219;158967;166;34;1;1.01;0.01;0.62;0.61
220;158972;167;34;1;1.05;0.03;0.64;0.61
221;158975;168;34;1;1.23;0.14;0.76;0.62
222;158982;169;34;1;1.22;0.14;0.77;0.63
223;158989;170;34;1;1.08;0.06;0.83;0.76
224;158992;170;34;1;1.39;0.32;1.14;0.82
225;158995;171;35;1;1.14;0.09;0.71;0.62
226;158999;171;35;1;0.86;-0.12;0.73;0.85
227;159002;172;35;1;0.99;-0.01;0.69;0.7
228;159007;173;35;1;1.24;0.18;0.93;0.75
229;159012;173;35;1;0.96;-0.04;0.81;0.84
230;159014;174;35;1;1.2;0.11;0.67;0.56
231;159016;174;35;1;1.24;0.14;0.71;0.57
232;159018;174;35;1;0.98;-0.01;0.69;0.7
233;159022;175;35;1;0.94;-0.04;0.68;0.72
234;159027;175;35;1;1.44;0.34;1.13;0.78
235;159030;176;36;1;1.42;0.28;0.95;0.67
236;159032;176;36;1;1.05;0.03;0.65;0.62
237;159037;177;36;1;1.12;0.09;0.79;0.7
238;159044;178;36;1;1.27;0.17;0.82;0.65
239;159047;178;36;1;1.19;0.13;0.83;0.7
240;159050;179;36;1;0.83;-0.1;0.49;0.6
241;159056;180;36;1;2.18;0.77;1.42;0.65
242;159062;147;30;1;0.93;-0.05;0.7;0.75
243;159065;181;37;1;1.15;0.09;0.68;0.59
244;159073;182;37;1;1.04;0.02;0.67;0.64
245;159076;183;37;1;0.96;-0.03;0.66;0.69
246;159079;183;37;1;1.27;0.16;0.74;0.58
247;159089;185;37;1;1.2;0.12;0.7;0.58
248;159097;186;38;1;1.23;0.18;0.94;0.77
249;159103;187;38;1;1.26;0.22;1.08;0.86
250;159106;187;38;1;1.03;0.03;0.81;0.79
251;159112;188;38;1;1.22;0.16;0.91;0.75
252;159117;189;38;1;0.98;-0.02;0.73;0.74
253;159121;190;38;1;0.8;-0.11;0.46;0.57
254;159124;190;38;1;0.81;-0.13;0.57;0.7
255;159126;190;38;1;0.87;-0.05;0.35;0.4
256;159128;191;39;1;1.43;0.23;0.77;0.54
257;159131;191;39;1;1.13;0.08;0.68;0.6
258;159135;192;39;1;1.2;0.16;0.98;0.82
259;159145;193;39;1;1.15;0.09;0.69;0.6
260;159147;194;39;1;1.13;0.07;0.6;0.54
261;159151;194;39;1;0.58;-0.27;0.39;0.66
262;159158;195;39;1;1.51;0.22;0.65;0.43
263;159161;196;40;1;1.56;0.47;1.3;0.83
264;159166;196;40;1;1.2;0.12;0.74;0.62
265;159171;197;40;1;0.95;-0.03;0.67;0.7
266;159177;198;40;1;1.09;0.07;0.78;0.72
267;159183;199;40;1;1.15;0.1;0.76;0.66
268;159188;199;40;1;1.48;0.3;0.92;0.62
269;159194;200;40;1;1;0;0.68;0.67
270;159197;200;40;1;NA;NA;NA;0.64
271;159199;201;41;1;0.87;-0.1;0.65;0.75
272;159204;201;41;1;1.06;0.05;0.82;0.77
273;159208;202;41;1;1.02;0.01;0.58;0.57
274;159212;203;41;1;0.93;-0.05;0.59;0.64
275;159225;205;41;1;1.07;0.05;0.76;0.71
276;159231;206;42;1;1.37;0.23;0.87;0.64
277;159236;207;42;1;1.41;0.38;1.3;0.93
278;159240;207;42;1;1.57;0.29;0.81;0.52
279;159242;207;42;1;1.35;0.2;0.79;0.59
280;159244;208;42;1;1.44;0.24;0.81;0.56
281;159247;208;42;1;1.17;0.12;0.8;0.68
282;159250;208;42;1;1.51;0.25;0.73;0.49
283;159252;209;42;1;1.14;0.11;0.86;0.75
284;159260;210;42;1;0.93;-0.04;0.58;0.62
285;159271;214;43;1;1.14;0.1;0.78;0.69
286;159273;214;43;1;0.92;-0.05;0.59;0.64
287;159276;213;43;1;1.64;0.33;0.86;0.52
288;159284;214;43;1;0.88;-0.08;0.63;0.71
289;159288;215;43;1;1.17;0.14;0.93;0.8
290;159291;215;43;1;0.7;-0.2;0.45;0.65
291;159303;5;1;2;0.92;-0.05;0.64;0.69
292;159305;5;1;2;0.86;-0.09;0.53;0.62
293;159311;7;2;2;1.13;0.09;0.74;0.66
294;159315;6;2;2;1.18;0.12;0.79;0.67
295;159318;3;1;2;0.83;-0.13;0.64;0.76
296;159320;6;2;2;1.37;0.27;0.99;0.72
297;159324;6;2;2;1.13;0.09;0.8;0.71
298;159330;5;1;2;1.39;0.26;0.93;0.67
299;159348;8;2;2;1.02;0.01;0.64;0.62
300;159350;8;2;2;1.15;0.12;0.91;0.79
301;159357;9;2;2;1.36;0.23;0.86;0.63
302;159362;10;2;2;1.1;0.08;0.82;0.74
303;159364;10;2;2;0.82;-0.11;0.49;0.59
304;159371;12;3;2;0.96;-0.03;0.73;0.76
305;159373;12;3;2;1.12;0.09;0.87;0.78
306;159378;13;3;2;1.31;0.2;0.85;0.65
307;159385;14;3;2;1.49;0.32;0.97;0.65
308;159392;15;3;2;0.97;-0.02;0.64;0.66
309;159404;16;4;2;1.19;0.15;0.92;0.78
310;159406;17;4;2;1.15;0.13;1;0.86
311;159409;17;4;2;1.22;0.16;0.91;0.74
312;159411;17;4;2;1.26;0.21;1;0.8
313;159413;17;4;2;1.07;0.05;0.76;0.71
314;159416;19;4;2;1.28;0.18;0.81;0.64
315;159421;108;22;2;1.4;0.28;0.96;0.68
316;159424;20;4;2;1;0;0.73;0.73
317;159429;22;5;2;1.5;0.31;0.94;0.62
318;159439;22;5;2;1.32;0.13;0.53;0.4
319;159441;23;5;2;0.99;-0.01;0.56;0.57
320;159445;23;5;2;0.97;-0.01;0.51;0.53
321;159452;24;5;2;1.39;0.25;0.9;0.65
322;159460;12;3;2;1.27;0.19;0.89;0.7
323;159466;13;3;2;1.04;0.03;0.79;0.76
324;159475;29;6;2;1.4;0.25;0.88;0.63
325;159478;28;6;2;1.17;0.11;0.76;0.65
326;159481;30;6;2;1.34;0.2;0.79;0.59
327;159483;29;6;2;1.09;0.06;0.73;0.67
328;159493;31;7;2;1.42;0.3;1;0.71
329;159496;31;7;2;1.29;0.18;0.79;0.61
330;159500;32;7;2;1.27;0.21;0.96;0.76
331;159506;33;7;2;1.16;0.11;0.8;0.69
332;159508;33;7;2;1.01;0.01;0.74;0.73
333;159512;34;7;2;0.83;-0.14;0.65;0.78
334;159514;34;7;2;1.01;0.01;0.86;0.85
335;159519;35;7;2;0.92;-0.07;0.79;0.86
336;159521;35;7;2;0.81;-0.12;0.53;0.65
337;159527;36;8;2;1.36;0.2;0.74;0.54
338;159532;36;8;2;1.17;0.12;0.83;0.71
339;159534;37;8;2;0.54;-0.35;0.42;0.77
340;159540;38;8;2;1.01;0;0.65;0.65
341;159546;39;8;2;1.12;0.08;0.77;0.69
342;159552;40;8;2;1.57;0.36;0.99;0.63
343;159555;40;8;2;0.86;-0.1;0.6;0.7
344;159559;41;9;2;1.28;0.19;0.85;0.66
345;159562;41;9;2;0.86;-0.09;0.55;0.64
346;159566;41;9;2;0.91;-0.07;0.69;0.76
347;159569;41;9;2;1.64;0.24;0.6;0.37
348;159574;41;9;2;1.11;0.07;0.76;0.68
349;159581;41;9;2;0.67;-0.21;0.44;0.65
350;159583;41;9;2;1.32;0.17;0.72;0.55
351;159587;45;9;2;1.28;0.21;0.95;0.74
352;159590;41;9;2;0.88;-0.06;0.42;0.48
353;159592;41;9;2;NA;NA;NA;0.66
354;159597;46;10;2;0.95;-0.04;0.73;0.77
355;159602;47;10;2;1.26;0.16;0.78;0.62
356;159610;48;10;2;1.02;0.01;0.69;0.67
357;159612;49;10;2;1.12;0.08;0.73;0.65
358;159617;49;10;2;1.62;0.47;1.24;0.77
359;159623;46;10;2;1.05;0.03;0.7;0.67
360;159627;51;11;2;1.49;0.34;1.02;0.68
361;159632;51;11;2;1.24;0.13;0.66;0.53
362;159637;51;11;2;0.87;-0.1;0.67;0.77
363;159646;54;11;2;0.91;-0.06;0.6;0.66
364;159651;55;11;2;1.33;0.23;0.93;0.7
365;159654;51;11;2;1.01;0;0.58;0.57
366;159658;56;12;2;1.16;0.11;0.79;0.68
367;159669;57;12;2;1.21;0.13;0.74;0.61
368;159678;59;12;2;2.03;0.59;1.16;0.57
369;159689;60;12;2;1.06;0.04;0.66;0.63
370;159693;61;13;2;1.35;0.19;0.75;0.56
371;159700;61;13;2;1.05;0.04;0.73;0.69
372;159708;61;13;2;1.02;0.01;0.66;0.65
373;159711;61;13;2;1.27;0.2;0.91;0.72
374;159713;61;13;2;0.92;-0.06;0.61;0.66
375;159725;66;14;2;1.47;0.28;0.87;0.59
376;159728;66;14;2;1.53;0.33;0.95;0.62
377;159732;70;14;2;1.12;0.08;0.75;0.67
378;159737;70;14;2;0.96;-0.02;0.6;0.62
379;159740;68;14;2;1.67;0.46;1.16;0.69
380;159745;69;14;2;1.2;0.12;0.73;0.61
381;159748;69;14;2;1.41;0.3;1.04;0.74
382;159752;70;14;2;1.26;0.2;0.98;0.78
383;159760;71;15;2;1.61;0.32;0.85;0.53
384;159766;72;15;2;1.28;0.22;0.98;0.77
385;159776;74;15;2;1.21;0.18;1.03;0.85
386;159779;74;15;2;1.06;0.04;0.72;0.68
387;159782;75;15;2;1.02;0.01;0.62;0.61
388;159799;78;16;2;1.72;0.4;0.95;0.55
389;159803;78;16;2;1;0;0.66;0.66
390;159811;77;16;2;0.96;-0.03;0.75;0.79
391;159815;80;16;2;1.32;0.19;0.8;0.61
392;159817;80;16;2;1.27;0.22;1.02;0.8
393;159822;81;17;2;1.24;0.17;0.89;0.72
394;159824;81;17;2;1.12;0.09;0.82;0.74
395;159831;82;17;2;1.22;0.14;0.76;0.63
396;159838;84;17;2;1.74;0.47;1.09;0.63
397;159840;84;17;2;1.38;0.26;0.94;0.68
398;159848;85;17;2;1.31;0.18;0.76;0.58
399;159850;77;16;2;1.17;0.13;0.91;0.78
400;159857;87;18;2;1.38;0.28;1.01;0.73
401;159860;87;18;2;1.22;0.14;0.77;0.63
402;159868;88;18;2;1.42;0.27;0.91;0.64
403;159871;89;18;2;0.78;-0.16;0.57;0.73
404;159873;89;18;2;0.93;-0.04;0.6;0.64
405;159880;90;18;2;0.96;-0.02;0.59;0.62
406;159887;91;19;2;1.06;0.05;0.76;0.71
407;159893;92;19;2;0.84;-0.13;0.67;0.8
408;159900;93;19;2;1.11;0.07;0.69;0.62
409;159909;95;19;2;0.79;-0.16;0.59;0.75
410;159912;95;19;2;1.06;0.04;0.74;0.7
411;159914;96;20;2;1.55;0.32;0.9;0.58
412;159917;96;20;2;1.35;0.23;0.91;0.67
413;159923;97;20;2;1.3;0.19;0.8;0.61
414;159929;98;20;2;NA;NA;NA;0.65
415;159933;98;20;2;0.77;-0.16;0.55;0.71
416;159935;108;22;2;1.29;0.2;0.87;0.68
417;159939;99;20;2;0.96;-0.02;0.62;0.64
418;159942;108;22;2;1.02;0.02;1.04;1.03
419;159945;100;20;2;0.86;-0.09;0.57;0.66
420;159950;101;21;2;1.38;0.26;0.93;0.67
421;159954;101;21;2;1.39;0.25;0.9;0.65
422;159956;103;21;2;1.28;0.2;0.9;0.7
423;159959;102;21;2;1.19;0.11;0.73;0.61
424;159961;102;21;2;1.28;0.21;0.94;0.73
425;159976;105;21;2;0.97;-0.02;0.72;0.74
426;159979;105;21;2;0.83;-0.13;0.63;0.76
427;159983;106;22;2;1.12;0.08;0.72;0.64
428;159990;107;22;2;1.25;0.18;0.87;0.7
429;159994;107;22;2;1.17;0.13;0.89;0.76
430;159997;108;22;2;1.11;0.05;0.54;0.48
431;160005;109;22;2;0.7;-0.14;0.31;0.45
432;160007;109;22;2;1.14;0.09;0.74;0.65
433;160012;77;16;2;1.02;0.02;0.76;0.74
434;160015;93;19;2;1.19;0.12;0.73;0.61
435;160018;111;23;2;1.11;0.08;0.82;0.74
436;160025;117;24;2;1.14;0.09;0.77;0.68
437;160030;113;23;2;1.62;0.32;0.82;0.51
438;160038;114;23;2;2.08;0.57;1.11;0.53
439;160044;95;19;2;1.14;0.08;0.69;0.6
440;160050;116;24;2;1.46;0.31;0.99;0.68
441;160052;117;24;2;1.53;0.41;1.18;0.77
442;160068;119;24;2;1.24;0.13;0.68;0.55
443;160070;120;24;2;1.28;0.24;1.11;0.87
444;160082;122;25;2;1.34;0.25;0.98;0.73
445;160085;122;25;2;0.42;-0.37;0.26;0.63
446;160089;123;25;2;0.64;-0.24;0.43;0.67
447;160095;124;25;2;0.86;-0.07;0.44;0.52
448;160099;124;25;2;1.13;0.06;0.52;0.46
449;160106;126;26;2;1.17;0.1;0.66;0.56
450;160118;128;26;2;1.49;0.31;0.93;0.63
451;160132;130;26;2;0.92;-0.08;0.88;0.96
452;160139;131;27;2;1.22;0.14;0.77;0.63
453;160143;132;27;2;1.17;0.12;0.81;0.69
454;160150;133;27;2;1.54;0.41;1.17;0.76
455;160154;134;27;2;1.52;0.35;1.01;0.66
456;160156;134;27;2;1.16;0.15;1.07;0.92
457;160170;136;28;2;1.05;0.04;0.77;0.74
458;160173;137;28;2;0.98;-0.01;0.76;0.78
459;160184;138;28;2;1.41;0.33;1.14;0.81
460;160195;149;30;2;1.32;0.23;0.93;0.7
461;160206;141;29;2;0.96;-0.03;0.56;0.58
462;160210;142;29;2;1.02;0.01;0.68;0.66
463;160222;144;29;2;1.14;0.11;0.95;0.84
464;160227;145;29;2;0.8;-0.14;0.57;0.7
465;160230;145;29;2;0.97;-0.02;0.54;0.56
466;160234;146;30;2;1.48;0.37;1.12;0.76
467;160241;181;37;2;1.16;0.1;0.73;0.63
468;160249;150;30;2;1.82;0.63;1.39;0.76
469;160257;151;31;2;1.36;0.27;0.99;0.73
470;160265;152;31;2;1.3;0.21;0.9;0.7
471;160271;153;31;2;0.82;-0.09;0.43;0.52
472;160273;154;31;2;0.78;-0.2;0.72;0.92
473;160276;154;31;2;1.11;0.06;0.62;0.56
474;160288;156;32;2;1.09;0.06;0.73;0.67
475;160294;157;32;2;0.97;-0.01;0.51;0.52
476;160301;158;32;2;2.02;0.72;1.42;0.7
477;160308;160;32;2;1.02;0.01;0.64;0.63
478;160312;160;32;2;1.3;0.21;0.91;0.7
479;160314;160;32;2;1.22;0.13;0.76;0.62
480;160327;163;33;2;1.35;0.23;0.89;0.66
481;160335;164;33;2;1.26;0.17;0.83;0.66
482;160339;165;33;2;1.71;0.41;0.99;0.58
483;160343;165;33;2;0.44;-0.47;0.37;0.84
484;160349;166;34;2;1.24;0.17;0.88;0.7
485;160356;167;34;2;1.55;0.5;1.42;0.92
486;160361;168;34;2;1.45;0.3;0.96;0.66
487;160363;168;34;2;1.06;0.04;0.64;0.6
488;160368;169;34;2;0.98;-0.02;0.89;0.91
489;160370;169;34;2;1.17;0.14;0.96;0.82
490;160375;170;34;2;1.08;0.06;0.74;0.69
491;160377;170;34;2;1.07;0.05;0.78;0.73
492;160381;171;35;2;1.38;0.29;1.06;0.76
493;160385;172;35;2;0.95;-0.04;0.73;0.76
494;160387;172;35;2;1.07;0.07;1.04;0.97
495;160392;173;35;2;0.97;-0.02;0.64;0.65
496;160394;173;35;2;1.17;0.12;0.82;0.7
497;160408;175;35;2;0.98;-0.01;0.67;0.68
498;160416;177;36;2;1.2;0.13;0.77;0.64
499;160420;177;36;2;1.16;0.08;0.63;0.54
500;160424;178;36;2;1.2;0.12;0.75;0.62
501;160427;178;36;2;1.38;0.25;0.92;0.66
502;160434;179;36;2;1.11;0.08;0.82;0.74
503;160444;181;37;2;0.86;-0.11;0.63;0.73
504;160446;181;37;2;1.15;0.09;0.7;0.6
505;160450;182;37;2;0.91;-0.06;0.56;0.61
506;160452;182;37;2;0.93;-0.04;0.51;0.55
507;160457;183;37;2;1.21;0.13;0.76;0.63
508;160459;183;37;2;0.88;-0.07;0.53;0.6
509;160462;184;37;2;0.67;-0.2;0.39;0.59
510;160464;184;37;2;0.78;-0.13;0.47;0.6
511;160466;184;37;2;0.86;-0.09;0.56;0.65
512;160472;185;37;2;1.01;0.01;0.78;0.77
513;160475;185;37;2;0.97;-0.02;0.68;0.71
514;160478;186;38;2;0.86;-0.08;0.54;0.62
515;160480;186;38;2;0.86;-0.09;0.56;0.65
516;160491;188;38;2;1.02;0.01;0.78;0.77
517;160500;189;38;2;1.09;0.07;0.84;0.77
518;160505;190;38;2;1.29;0.21;0.92;0.71
519;160508;191;39;2;1.47;0.31;0.96;0.65
520;160515;192;39;2;1.17;0.11;0.75;0.64
521;160518;192;39;2;1.09;0.06;0.71;0.65
522;160526;193;39;2;1.04;0.03;0.67;0.64
523;160545;197;40;2;1.04;0.04;0.91;0.87
524;160551;198;40;2;0.91;-0.06;0.62;0.68
525;160559;199;40;2;1.13;0.07;0.61;0.54
526;160564;200;40;2;1.06;0.03;0.5;0.48
527;160571;201;41;2;0.75;-0.15;0.45;0.6
528;160576;202;41;2;0.72;-0.19;0.48;0.67
529;160581;203;41;2;1.03;0.02;0.79;0.77
530;160584;203;41;2;1.31;0.26;1.1;0.83
531;160588;204;41;2;1.23;0.17;0.91;0.74
532;160600;206;42;2;1.27;0.17;0.82;0.65
533;160602;206;42;2;1.49;0.33;1.02;0.68
534;160606;207;42;2;1;0;0.73;0.73
535;160615;208;42;2;0.86;-0.11;0.69;0.8
536;160617;209;42;2;1.12;0.09;0.82;0.73
537;160625;210;42;2;1.21;0.17;0.96;0.79
538;160631;211;43;2;0.76;-0.18;0.56;0.74
539;160635;214;43;2;0.76;-0.2;0.61;0.81
540;160647;214;43;2;0.69;-0.19;0.43;0.62
541;160654;215;43;2;0.86;-0.1;0.62;0.72
542;160671;7;2;3;1.04;0.02;0.64;0.62
543;160673;2;1;3;NA;NA;NA;NA
544;160687;209;42;3;1.14;0.1;0.81;0.71
545;160692;5;1;3;1.5;0.34;1.02;0.68
546;160695;8;2;3;1.02;0.02;0.75;0.73
547;160702;7;2;3;0.92;-0.06;0.67;0.73
548;160706;8;2;3;1.3;0.2;0.88;0.68
549;160713;10;2;3;1.24;0.21;1.09;0.88
550;160723;8;2;3;1.04;0.03;0.64;0.61
551;160727;25;5;3;1.46;0.32;1.02;0.7
552;160737;13;3;3;1.65;0.33;0.84;0.51
553;160740;13;3;3;1.35;0.28;1.05;0.78
554;160753;15;3;3;1.5;0.33;1;0.67
555;160756;16;4;3;1.22;0.11;0.62;0.51
556;160768;19;4;3;1.32;0.23;0.96;0.73
557;160774;16;4;3;NA;NA;NA;0.65
558;160787;22;5;3;1.21;0.16;0.93;0.77
559;160789;22;5;3;0.98;-0.01;0.59;0.61
560;160793;23;5;3;0.93;-0.05;0.64;0.69
561;160796;23;5;3;1.45;0.3;0.98;0.68
562;160798;98;20;3;1.22;0.18;0.99;0.81
563;160800;24;5;3;1.24;0.18;0.92;0.74
564;160805;25;5;3;1.04;0.03;0.77;0.74
565;160807;21;5;3;1.06;0.05;0.79;0.74
566;160816;26;6;3;1.13;0.1;0.86;0.76
567;160831;29;6;3;0.92;-0.03;0.41;0.44
568;160847;31;7;3;1.63;0.36;0.93;0.57
569;160853;32;7;3;0.97;-0.02;0.84;0.86
570;160858;32;7;3;1.37;0.26;0.94;0.69
571;160863;34;7;3;1.03;0.02;0.8;0.78
572;160870;35;7;3;1.02;0.01;0.77;0.76
573;160879;36;8;3;1.48;0.33;1.03;0.7
574;160884;37;8;3;0.84;-0.12;0.62;0.74
575;160886;37;8;3;1.25;0.17;0.87;0.7
576;160890;38;8;3;1.01;0.01;0.78;0.77
577;160901;41;9;3;NA;NA;NA;0.59
578;160906;41;9;3;1.46;0.25;0.8;0.55
579;160912;41;9;3;0.93;-0.05;0.66;0.71
580;160931;46;10;3;1.7;0.46;1.1;0.65
581;160947;49;10;3;1.81;0.8;1.8;1
582;160950;47;10;3;1.74;0.54;1.28;0.73
583;160952;46;10;3;1.51;0.36;1.07;0.71
584;160960;51;11;3;1.57;0.37;1.03;0.66
585;160962;51;11;3;0.98;-0.02;0.64;0.65
586;160968;51;11;3;1.25;0.2;1.01;0.8
587;160972;51;11;3;1.72;0.53;1.27;0.74
588;160974;51;11;3;1.6;0.51;1.37;0.86
589;160980;54;11;3;1.07;0.04;0.66;0.62
590;160983;54;11;3;0.59;-0.29;0.42;0.71
591;160987;55;11;3;1.6;0.51;1.37;0.86
592;160997;57;12;3;1.41;0.3;1.05;0.75
593;161018;61;13;3;0.96;-0.03;0.72;0.75
594;161024;61;13;3;0.98;-0.01;0.69;0.71
595;161027;61;13;3;0.95;-0.04;0.74;0.78
596;161037;61;13;3;1.47;0.4;1.26;0.86
597;161039;61;13;3;1.35;0.26;1;0.74
598;161046;61;13;3;1.27;0.21;0.98;0.77
599;161048;61;13;3;1.24;0.19;1.01;0.82
600;161054;70;14;3;1.51;0.35;1.03;0.68
601;161061;68;14;3;1.81;0.71;1.6;0.89
602;161064;68;14;3;1.5;0.47;1.41;0.94
603;161069;69;14;3;0.98;-0.02;0.77;0.79
604;161072;69;14;3;1.42;0.29;1;0.7
605;161087;72;15;3;1.73;0.52;1.24;0.72
606;161095;73;15;3;2.21;0.83;1.52;0.69
607;161104;75;15;3;0.82;-0.12;0.57;0.7
608;161106;75;15;3;1.07;0.04;0.69;0.65
609;161112;76;16;3;1.47;0.44;1.39;0.95
610;161116;77;16;3;1.58;0.45;1.22;0.77
611;161121;77;16;3;1.12;0.08;0.8;0.72
612;161124;77;16;3;0.85;-0.1;0.57;0.67
613;161127;78;16;3;1.54;0.38;1.08;0.7
614;161129;78;16;3;0.99;0;0.54;0.55
615;161146;81;17;3;1.31;0.22;0.95;0.73
616;161151;82;17;3;1.27;0.2;0.94;0.74
617;161155;81;17;3;1.3;0.21;0.91;0.7
618;161158;77;16;3;1.02;0.02;0.77;0.75
619;161162;84;17;3;0.74;-0.17;0.46;0.63
620;161166;84;17;3;NA;NA;NA;0.6
621;161169;77;16;3;1.53;0.42;1.21;0.79
622;161175;86;18;3;1.26;0.18;0.84;0.67
623;161177;101;21;3;1.48;0.34;1.04;0.7
624;161183;87;18;3;0.93;-0.04;0.51;0.55
625;161188;88;18;3;1.34;0.28;1.09;0.81
626;161196;88;18;3;1.28;0.17;0.76;0.59
627;161208;90;18;3;1.22;0.14;0.78;0.64
628;161210;91;19;3;1.42;0.31;1.03;0.73
629;161216;92;19;3;1.51;0.52;1.55;1.03
630;161223;93;19;3;1.01;0.01;0.73;0.72
631;161228;94;19;3;1.18;0.14;0.92;0.78
632;161234;95;19;3;1.19;0.2;1.23;1.03
633;161240;96;20;3;1.41;0.31;1.05;0.74
634;161247;97;20;3;1.22;0.13;0.72;0.58
635;161257;98;20;3;1.06;0.04;0.72;0.68
636;161263;99;20;3;1.32;0.21;0.88;0.67
637;161270;100;20;3;1.51;0.37;1.08;0.71
638;161280;199;40;3;1.24;0.17;0.87;0.7
639;161282;103;21;3;0.97;-0.03;0.76;0.78
640;161288;103;21;3;1.16;0.12;0.83;0.71
641;161296;104;21;3;1.18;0.12;0.81;0.69
642;161306;106;22;3;1.39;0.23;0.81;0.58
643;161320;108;22;3;1.12;0.1;0.91;0.81
644;161326;77;16;3;1.14;0.1;0.83;0.73
645;161329;110;22;3;1.28;0.2;0.94;0.74
646;161333;110;22;3;1.49;0.36;1.1;0.74
647;161338;93;19;3;1.19;0.13;0.82;0.68
648;161340;111;23;3;1.4;0.26;0.9;0.64
649;161345;117;24;3;1.1;0.08;0.9;0.82
650;161352;111;23;3;1.31;0.2;0.83;0.63
651;161355;114;23;3;1.3;0.2;0.88;0.68
652;161362;111;23;3;1.34;0.3;1.19;0.88
653;161367;116;24;3;1.43;0.33;1.09;0.76
654;161371;116;24;3;1.34;0.25;0.97;0.72
655;161374;117;24;3;1.46;0.31;1;0.68
656;161378;51;11;3;1.26;0.16;0.8;0.64
657;161388;119;24;3;1.44;0.25;0.81;0.56
658;161393;119;24;3;1.65;0.49;1.24;0.75
659;161398;120;24;3;0.96;-0.04;0.92;0.96
660;161404;121;25;3;NA;NA;NA;0.58
661;161406;121;25;3;0.14;-0.81;0.13;0.94
662;161410;122;25;3;0.88;-0.07;0.48;0.54
663;161416;123;25;3;1.06;0.05;0.83;0.78
664;161420;123;25;3;0.77;-0.19;0.65;0.85
665;161426;124;25;3;1.07;0.05;0.73;0.68
666;161428;125;25;3;1.29;0.22;0.99;0.77
667;161433;125;25;3;0.64;-0.24;0.43;0.67
668;161440;127;26;3;1.28;0.13;0.62;0.48
669;161445;127;26;3;1;0;0.59;0.59
670;161448;128;26;3;0.98;-0.02;0.69;0.71
671;161452;128;26;3;1.62;0.49;1.29;0.79
672;161457;129;26;3;1.29;0.2;0.89;0.7
673;161463;130;26;3;NA;NA;NA;0.53
674;161471;131;27;3;1.16;0.11;0.82;0.71
675;161477;132;27;3;1.35;0.24;0.93;0.69
676;161480;133;27;3;1.7;0.55;1.32;0.78
677;161485;134;27;3;1.07;0.05;0.77;0.71
678;161489;134;27;3;1.45;0.38;1.23;0.85
679;161492;135;27;3;0.92;-0.05;0.54;0.58
680;161499;136;28;3;1.21;0.17;0.95;0.79
681;161508;137;28;3;0.99;-0.01;0.79;0.8
682;161512;138;28;3;0.99;-0.01;0.85;0.86
683;161528;140;28;3;1.28;0.19;0.88;0.69
684;161538;142;29;3;1.23;0.18;0.94;0.76
685;161545;143;29;3;1.09;0.07;0.8;0.73
686;161547;143;29;3;0.98;-0.01;0.67;0.68
687;161552;144;29;3;0.96;-0.02;0.61;0.64
688;161555;144;29;3;1.15;0.1;0.76;0.67
689;161559;145;29;3;0.99;0;0.62;0.63
690;161567;146;30;3;1.59;0.36;0.98;0.62
691;161574;147;30;3;1.32;0.23;0.94;0.71
692;161578;148;30;3;0.73;-0.19;0.53;0.72
693;161581;148;30;3;1.19;0.13;0.83;0.7
694;161585;149;30;3;1.07;0.05;0.74;0.7
695;161587;149;30;3;1.3;0.23;1;0.77
696;161590;150;30;3;1.52;0.38;1.13;0.74
697;161601;151;31;3;1.17;0.12;0.79;0.67
698;161603;152;31;3;1.44;0.33;1.1;0.76
699;161616;154;31;3;0.81;-0.13;0.55;0.68
700;161623;155;31;3;1.03;0.02;0.7;0.68
701;161628;156;32;3;1.45;0.35;1.14;0.79
702;161642;158;32;3;0.95;-0.03;0.56;0.58
703;161647;159;32;3;0.93;-0.06;0.73;0.79
704;161657;161;33;3;1.49;0.34;1.05;0.7
705;161660;161;33;3;1.47;0.38;1.2;0.82
706;161667;171;35;3;1.29;0.17;0.76;0.59
707;161669;163;33;3;1.65;0.35;0.9;0.54
708;161671;163;33;3;1.28;0.2;0.94;0.74
709;161680;164;33;3;1.29;0.17;0.78;0.6
710;161685;165;33;3;1.16;0.1;0.73;0.62
711;161689;166;34;3;NA;NA;NA;0.61
712;161693;166;34;3;1.26;0.18;0.87;0.69
713;161696;167;34;3;1.3;0.2;0.85;0.65
714;161698;167;34;3;0.96;-0.02;0.55;0.57
715;161707;168;34;3;NA;NA;NA;0.76
716;161710;169;34;3;1.03;0.04;1.31;1.27
717;161712;169;34;3;1.07;0.07;0.98;0.91
718;161716;170;34;3;1.44;0.32;1.04;0.72
719;161727;171;35;3;1.25;0.17;0.84;0.67
720;161731;172;35;3;1.06;0.04;0.71;0.67
721;161735;173;35;3;1.62;0.39;1.02;0.63
722;161742;174;35;3;0.89;-0.08;0.66;0.74
723;161749;175;35;3;0.78;-0.16;0.55;0.71
724;161753;176;36;3;0.85;-0.13;0.76;0.9
725;161761;128;26;3;0.75;-0.21;0.62;0.83
726;161764;177;36;3;1.09;0.06;0.75;0.69
727;161767;180;36;3;1.26;0.2;0.96;0.76
728;161776;179;36;3;1.02;0.01;0.7;0.68
729;161781;180;36;3;1.34;0.22;0.87;0.65
730;161786;181;37;3;1.05;0.04;0.73;0.69
731;161788;181;37;3;1.01;0;0.63;0.62
732;161803;184;37;3;1.18;0.15;0.96;0.81
733;161807;184;37;3;1.24;0.16;0.8;0.65
734;161812;185;37;3;0.94;-0.04;0.59;0.62
735;161816;186;38;3;1.34;0.28;1.09;0.81
736;161823;187;38;3;0.82;-0.24;1.07;1.32
737;161830;188;38;3;1.24;0.2;1.04;0.84
738;161832;188;38;3;0.9;-0.06;0.55;0.62
739;161838;190;38;3;1;0;0.76;0.76
740;161843;191;39;3;1.44;0.33;1.08;0.75
741;161848;192;39;3;1.56;0.41;1.14;0.73
742;161851;192;39;3;1.13;0.09;0.78;0.69
743;161859;194;39;3;0.98;-0.01;0.72;0.73
744;161863;194;39;3;0.98;-0.01;0.54;0.56
745;161865;195;39;3;1.1;0.07;0.7;0.64
746;161868;195;39;3;0.83;-0.11;0.54;0.65
747;161874;196;40;3;1.14;0.12;0.99;0.87
748;161877;196;40;3;1.64;0.59;1.52;0.93
749;161884;199;40;3;1.3;0.2;0.85;0.65
750;161886;199;40;3;0.91;-0.07;0.72;0.79
751;161895;200;40;3;1.21;0.17;0.95;0.79
752;161901;77;16;3;1.54;0.32;0.92;0.59
753;161906;202;41;3;1;0;0.68;0.68
754;161909;203;41;3;NA;NA;NA;0.42
755;161915;204;41;3;1.25;0.17;0.82;0.65
756;161917;204;41;3;1.34;0.25;0.99;0.74
757;161923;205;41;3;1.47;0.36;1.11;0.76
758;161928;206;42;3;1.3;0.17;0.72;0.55
759;161931;206;42;3;1;0;0.68;0.67
760;161944;208;42;3;1.5;0.33;0.98;0.66
761;161957;210;42;3;0.97;-0.02;0.67;0.7
762;161959;211;43;3;0.97;-0.02;0.75;0.77
763;161963;211;43;3;0.58;-0.32;0.44;0.76
764;161965;211;43;3;1.09;0.07;0.81;0.74
765;161976;213;43;3;1.04;0.02;0.69;0.66
766;161980;214;43;3;1.06;0.05;0.76;0.72
767;161983;214;43;3;0.88;-0.08;0.61;0.69
768;161988;215;43;3;0.76;-0.15;0.46;0.61
769;161998;147;30;4;1.19;0.14;0.87;0.73
770;162001;158;32;4;0.99;-0.01;0.77;0.78
771;162011;161;33;4;0.8;-0.14;0.57;0.71
772;162016;6;2;4;1.08;0.05;0.68;0.63
773;162025;5;1;4;1.04;0.03;0.87;0.84
774;162028;214;43;4;1.28;0.24;1.08;0.84
775;162036;7;2;4;0.89;-0.15;1.26;1.41
776;162049;10;2;4;1.04;0.03;0.63;0.6
777;162055;25;5;4;1.2;0.12;0.74;0.62
778;162057;12;3;4;1.2;0.16;0.96;0.8
779;162060;12;3;4;1.06;0.05;0.8;0.75
780;162063;12;3;4;1.16;0.14;0.98;0.85
781;162069;13;3;4;1.1;0.08;0.85;0.77
782;162075;14;3;4;1.13;0.09;0.78;0.69
783;162077;14;3;4;1;0;0.78;0.78
784;162085;16;4;4;0.45;-0.33;0.27;0.6
785;162096;19;4;4;1.24;0.16;0.81;0.65
786;162098;19;4;4;1;0;0.75;0.75
787;162103;16;4;4;0.86;-0.13;0.81;0.94
788;162113;22;5;4;1.32;0.26;1.09;0.83
789;162120;23;5;4;1.59;0.31;0.84;0.53
790;162123;24;5;4;1.32;0.22;0.9;0.68
791;162127;211;43;4;1.03;0.02;0.67;0.65
792;162135;25;5;4;1.4;0.31;1.08;0.77
793;162142;26;6;4;1.42;0.3;1.02;0.72
794;162153;28;6;4;1.24;0.21;1.08;0.88
795;162160;30;6;4;1.56;0.33;0.92;0.59
796;162166;30;6;4;0.82;-0.14;0.64;0.78
797;162175;31;7;4;0.89;-0.07;0.54;0.6
798;162181;32;7;4;1.22;0.2;1.13;0.93
799;162186;33;7;4;1.03;0.02;0.65;0.64
800;162189;32;7;4;1.32;0.22;0.92;0.7
801;162200;35;7;4;0.89;-0.09;0.67;0.75
802;162210;37;8;4;1.17;0.13;0.88;0.75
803;162214;38;8;4;1.04;0.02;0.59;0.57
804;162220;39;8;4;1.31;0.25;1.06;0.81
805;162222;39;8;4;0.95;-0.03;0.67;0.7
806;162227;31;7;4;1.27;0.17;0.82;0.65
807;162229;40;8;4;1.21;0.13;0.73;0.6
808;162236;41;9;4;1.38;0.26;0.93;0.67
809;162241;41;9;4;1.27;0.12;0.55;0.43
810;162247;41;9;4;1.26;0.16;0.78;0.62
811;162252;41;9;4;1.18;0.11;0.69;0.59
812;162261;41;9;4;0.93;-0.05;0.62;0.66
813;162263;46;10;4;1.37;0.27;1.01;0.73
814;162270;47;10;4;0.8;-0.13;0.55;0.68
815;162274;47;10;4;1.4;0.31;1.09;0.78
816;162280;48;10;4;1.35;0.25;0.96;0.71
817;162282;49;10;4;1.69;0.51;1.26;0.75
818;162284;49;10;4;NA;NA;NA;0.76
819;162290;49;10;4;1.38;0.31;1.13;0.82
820;162294;49;10;4;1.3;0.23;1;0.77
821;162298;51;11;4;1.29;0.22;0.99;0.77
822;162300;51;11;4;0.85;-0.1;0.57;0.67
823;162305;51;11;4;1.02;0.01;0.65;0.64
824;162310;51;11;4;1.53;0.42;1.22;0.79
825;162312;51;11;4;1.13;0.08;0.71;0.63
826;162314;51;11;4;1.21;0.16;0.91;0.75
827;162320;54;11;4;0.75;-0.17;0.52;0.69
828;162322;54;11;4;1.21;0.16;0.9;0.74
829;162327;55;11;4;1.33;0.24;0.97;0.73
830;162331;56;12;4;0.65;-0.37;0.68;1.05
831;162343;58;12;4;1.38;0.31;1.13;0.82
832;162355;60;12;4;1.03;0.01;0.6;0.59
833;162362;61;13;4;1.32;0.17;0.72;0.54
834;162365;61;13;4;0.78;-0.15;0.53;0.68
835;162373;61;13;4;1.34;0.34;1.35;1.01
836;162375;61;13;4;1.24;0.18;0.94;0.76
837;162390;61;13;4;1.08;0.05;0.66;0.61
838;162395;99;20;4;1.53;0.43;1.24;0.81
839;162398;70;14;4;0.98;-0.01;0.75;0.77
840;162400;67;14;4;1.05;0.03;0.67;0.64
841;162410;68;14;4;1.33;0.22;0.88;0.66
842;162421;141;29;4;1.42;0.41;1.38;0.97
843;162440;74;15;4;1.35;0.21;0.81;0.6
844;162451;76;16;4;0.86;-0.09;0.56;0.65
845;162455;77;16;4;1.03;0.02;0.63;0.61
846;162460;77;16;4;1.25;0.15;0.75;0.6
847;162466;78;16;4;1.22;0.11;0.6;0.49
848;162472;77;16;4;0.93;-0.04;0.61;0.65
849;162478;77;16;4;1;0;0.66;0.66
850;162482;80;16;4;1.46;0.34;1.08;0.74
851;162485;77;16;4;1.06;0.05;0.78;0.73
852;162493;82;17;4;1.14;0.1;0.85;0.74
853;162495;82;17;4;1.21;0.12;0.7;0.58
854;162498;81;17;4;1.22;0.15;0.83;0.68
855;162503;84;17;4;1.85;0.67;1.47;0.79
856;162516;86;18;4;1.78;0.5;1.15;0.65
857;162518;86;18;4;1.32;0.25;1.03;0.78
858;162522;87;18;4;NA;NA;NA;0.65
859;162528;101;21;4;1.1;0.07;0.81;0.74
860;162532;88;18;4;0.87;-0.08;0.58;0.66
861;162542;90;18;4;1.36;0.26;0.98;0.72
862;162547;91;19;4;1.64;0.48;1.22;0.74
863;162552;92;19;4;1.18;0.13;0.81;0.69
864;162554;92;19;4;1.2;0.15;0.93;0.78
865;162564;94;19;4;1.19;0.12;0.74;0.62
866;162567;94;19;4;0.98;-0.01;0.62;0.64
867;162570;95;19;4;1.29;0.25;1.11;0.86
868;162577;96;20;4;1.55;0.39;1.1;0.71
869;162579;108;22;4;1.21;0.15;0.88;0.73
870;162585;97;20;4;1.41;0.27;0.94;0.67
871;162587;97;20;4;1.53;0.35;1.02;0.67
872;162590;98;20;4;1.31;0.22;0.92;0.7
873;162599;201;41;4;0.74;-0.18;0.51;0.68
874;162614;102;21;4;1.33;0.25;1.02;0.77
875;162623;104;21;4;1.1;0.07;0.79;0.72
876;162626;104;21;4;1.26;0.2;0.98;0.78
877;162635;107;22;4;1.16;0.11;0.82;0.71
878;162648;77;16;4;1.58;0.34;0.91;0.57
879;162651;77;16;4;1.23;0.15;0.83;0.68
880;162664;117;24;4;1.22;0.11;0.63;0.52
881;162667;111;23;4;0.7;-0.28;0.66;0.94
882;162671;113;23;4;1.28;0.21;0.95;0.74
883;162676;114;23;4;1.78;0.38;0.87;0.49
884;162685;95;19;4;1.07;0.05;0.77;0.72
885;162690;116;24;4;1.31;0.24;1.02;0.78
886;162693;116;24;4;1.2;0.13;0.78;0.65
887;162696;51;11;4;1.52;0.3;0.88;0.58
888;162701;118;24;4;0.99;-0.01;0.75;0.76
889;162706;118;24;4;1.16;0.13;0.96;0.83
890;162712;51;11;4;1.28;0.27;1.2;0.94
891;162715;120;24;4;1.34;0.24;0.96;0.72
892;162719;120;24;4;0.99;-0.01;0.88;0.89
893;162722;121;25;4;0.96;-0.03;0.72;0.74
894;162739;124;25;4;1.29;0.16;0.72;0.56
895;162743;124;25;4;0.89;-0.07;0.53;0.6
896;162747;125;25;4;1.17;0.11;0.75;0.65
897;162751;126;26;4;1.09;0.06;0.77;0.71
898;162753;126;26;4;0.67;-0.31;0.63;0.94
899;162767;128;26;4;0.93;-0.06;0.7;0.75
900;162771;129;26;4;1.59;0.36;0.95;0.6
901;162774;129;26;4;1.05;0.04;0.81;0.77
902;162779;130;26;4;1.06;0.09;1.49;1.4
903;162782;131;27;4;1.01;0;0.6;0.59
904;162787;131;27;4;0.9;-0.08;0.76;0.84
905;162791;132;27;4;0.86;-0.11;0.66;0.77
906;162793;132;27;4;1.05;0.03;0.66;0.62
907;162799;133;27;4;1.75;0.53;1.23;0.7
908;162809;135;27;4;1.5;0.43;1.3;0.87
909;162813;136;28;4;1.27;0.18;0.86;0.68
910;162815;136;28;4;1.08;0.07;0.89;0.82
911;162825;137;28;4;1.5;0.41;1.21;0.81
912;162828;138;28;4;1.48;0.44;1.37;0.93
913;162831;138;28;4;1.32;0.28;1.16;0.88
914;162834;147;30;4;1.08;0.06;0.74;0.68
915;162837;147;30;4;0.95;-0.03;0.58;0.61
916;162845;140;28;4;0.65;-0.18;0.35;0.53
917;162848;173;35;4;1.18;0.14;0.97;0.82
918;162852;173;35;4;1.02;0.01;0.6;0.59
919;162854;142;29;4;0.81;-0.19;0.81;1
920;162864;143;29;4;1.12;0.1;0.96;0.86
921;162867;144;29;4;1.31;0.23;0.95;0.72
922;162874;145;29;4;0.88;-0.08;0.61;0.7
923;162881;146;30;4;1.54;0.3;0.87;0.56
924;162887;181;37;4;0.94;-0.05;0.76;0.8
925;162891;148;30;4;1.53;0.48;1.39;0.91
926;162898;149;30;4;1.44;0.3;0.96;0.67
927;162904;150;30;4;1.34;0.22;0.84;0.63
928;162909;151;31;4;1.04;0.04;0.93;0.89
929;162917;152;31;4;0.95;-0.03;0.59;0.62
930;162922;153;31;4;0.78;-0.19;0.68;0.87
931;162927;153;31;4;1.94;0.59;1.22;0.63
932;162931;154;31;4;1.23;0.14;0.76;0.62
933;162936;158;32;4;1.61;0.46;1.21;0.75
934;162943;156;32;4;1;0;0.8;0.8
935;162954;158;32;4;0.96;-0.03;0.77;0.8
936;162959;159;32;4;1.15;0.11;0.82;0.72
937;162968;160;32;4;1.05;0.04;0.81;0.77
938;162971;161;33;4;1.13;0.1;0.9;0.8
939;162979;162;33;4;1.59;0.4;1.07;0.67
940;162981;162;33;4;1.45;0.36;1.17;0.8
941;162987;163;33;4;NA;NA;NA;0.62
942;162992;164;33;4;1.58;0.31;0.84;0.53
943;162995;164;33;4;1.17;0.11;0.78;0.67
944;163011;167;34;4;1.13;0.1;0.89;0.79
945;163018;168;34;4;1.27;0.18;0.85;0.66
946;163025;169;34;4;1.26;0.18;0.86;0.68
947;163028;170;34;4;1.44;0.32;1.06;0.74
948;163035;171;35;4;2;0.45;0.91;0.45
949;163038;171;35;4;0.8;-0.1;0.41;0.51
950;163040;172;35;4;1.8;0.25;0.56;0.31
951;163061;175;35;4;0.96;-0.03;0.69;0.72
952;163064;176;36;4;1.7;0.5;1.2;0.71
953;163076;178;36;4;1.03;0.03;0.83;0.8
954;163081;179;36;4;1.49;0.29;0.87;0.58
955;163088;180;36;4;1.06;0.03;0.62;0.59
956;163090;180;36;4;1.26;0.2;0.99;0.79
957;163095;181;37;4;1.37;0.22;0.8;0.58
958;163105;183;37;4;NA;NA;NA;1.17
959;163112;184;37;4;0.65;-0.22;0.4;0.62
960;163116;184;37;4;1.26;0.4;1.97;1.57
961;163127;186;38;4;1.3;0.24;1.04;0.81
962;163131;213;43;4;NA;NA;NA;0.68
963;163134;213;43;4;0.98;-0.02;0.76;0.78
964;163146;189;38;4;1.57;0.49;1.34;0.86
965;163153;191;39;4;1.43;0.33;1.1;0.76
966;163157;191;39;4;NA;NA;NA;0.71
967;163161;192;39;4;1.28;0.24;1.12;0.87
968;163166;193;39;4;0.74;-0.21;0.6;0.81
969;163171;193;39;4;1.01;0.01;0.64;0.64
970;163174;194;39;4;0.95;-0.04;0.76;0.81
971;163180;195;39;4;1.33;0.21;0.83;0.62
972;163184;195;39;4;0.93;-0.05;0.72;0.77
973;163193;197;40;4;1.16;0.12;0.83;0.72
974;163196;197;40;4;1.52;0.35;1.03;0.68
975;163199;198;40;4;0.94;-0.05;0.87;0.92
976;163204;198;40;4;1.11;0.08;0.81;0.73
977;163210;199;40;4;1.09;0.07;0.79;0.72
978;163212;200;40;4;1.1;0.07;0.78;0.71
979;163216;200;40;4;1.14;0.1;0.78;0.68
980;163225;202;41;4;0.91;-0.06;0.63;0.69
981;163234;203;41;4;0.88;-0.06;0.46;0.52
982;163240;204;41;4;1.28;0.23;1.03;0.8
983;163246;205;41;4;0.96;-0.03;0.66;0.69
984;163248;205;41;4;1.19;0.12;0.77;0.64
985;163256;207;42;4;1.56;0.44;1.23;0.79
986;163261;207;42;4;1.36;0.3;1.13;0.83
987;163274;210;42;4;1;0;0.75;0.75
988;163279;210;42;4;0.79;-0.14;0.53;0.67
989;163281;211;43;4;0.94;-0.05;0.82;0.87
990;163289;145;29;4;1.37;0.28;1.04;0.76
991;163292;145;29;4;1.15;0.11;0.83;0.72
992;163294;166;34;4;1.08;0.06;0.82;0.76
993;163300;166;34;4;1.48;0.39;1.2;0.81
994;163316;5;1;5;1.23;0.11;0.61;0.49
995;163320;2;1;5;1.07;0.04;0.61;0.57
996;163342;5;1;5;1.14;0.12;0.95;0.84
997;163347;6;2;5;1.26;0.2;0.96;0.76
998;163350;7;2;5;1.28;0.2;0.89;0.69
999;163356;8;2;5;0.81;-0.27;1.17;1.44
1000;163374;25;5;5;0.88;-0.07;0.51;0.58
1001;163385;13;3;5;NA;NA;NA;0.67
1002;163399;15;3;5;0.92;-0.05;0.59;0.64
1003;163408;16;4;5;1.39;0.36;1.29;0.93
1004;163410;16;4;5;1.36;0.25;0.96;0.71
1005;163412;20;4;5;1.64;0.38;0.97;0.59
1006;163417;21;5;5;1.46;0.32;1.01;0.69
1007;163419;21;5;5;1.11;0.07;0.71;0.64
1008;163424;22;5;5;1.01;0.01;0.71;0.7
1009;163427;22;5;5;1.04;0.03;0.72;0.69
1010;163432;23;5;5;1.1;0.07;0.73;0.66
1011;163443;21;5;5;1.43;0.36;1.2;0.84
1012;163448;26;6;5;1.02;0.01;0.68;0.66
1013;163453;45;9;5;1.01;0.01;0.86;0.85
1014;163457;27;6;5;1.2;0.14;0.81;0.67
1015;163466;29;6;5;1.18;0.11;0.74;0.63
1016;163470;28;6;5;1.05;0.04;0.84;0.8
1017;163473;30;6;5;1.26;0.13;0.64;0.51
1018;163481;31;7;5;0.99;-0.01;0.61;0.62
1019;163487;32;7;5;1.37;0.24;0.86;0.63
1020;163495;33;7;5;NA;NA;NA;0.67
1021;163498;32;7;5;1.39;0.24;0.86;0.62
1022;163500;34;7;5;1.14;0.09;0.78;0.69
1023;163502;34;7;5;1;0;0.76;0.76
1024;163511;35;7;5;1.2;0.15;0.85;0.71
1025;163519;37;8;5;1.15;0.1;0.73;0.64
1026;163521;37;8;5;0.67;-0.23;0.47;0.7
1027;163526;38;8;5;1.33;0.26;1.06;0.8
1028;163533;38;8;5;1.41;0.23;0.79;0.56
1029;163537;38;8;5;1.24;0.24;1.26;1.01
1030;163539;40;8;5;1.51;0.37;1.08;0.72
1031;163543;40;8;5;1.44;0.29;0.96;0.67
1032;163548;41;9;5;0.97;-0.03;0.75;0.78
1033;163557;41;9;5;1.69;0.29;0.71;0.42
1034;163562;41;9;5;1.16;0.15;1.05;0.91
1035;163574;45;9;5;1.46;0.29;0.93;0.64
1036;163580;46;10;5;1.34;0.18;0.72;0.54
1037;163586;46;10;5;1.39;0.28;1;0.72
1038;163591;48;10;5;NA;NA;NA;0.53
1039;163594;48;10;5;1.19;0.14;0.85;0.71
1040;163599;49;10;5;1.21;0.15;0.86;0.71
1041;163606;49;10;5;1.29;0.21;0.96;0.74
1042;163612;51;11;5;1.26;0.17;0.85;0.67
1043;163618;51;11;5;1.49;0.33;1;0.68
1044;163622;51;11;5;0.98;-0.03;1.44;1.47
1045;163625;51;11;5;1.03;0.02;1.01;0.99
1046;163630;54;11;5;1.11;0.07;0.69;0.62
1047;163636;55;11;5;0.65;-0.33;0.59;0.92
1048;163646;56;12;5;1.22;0.18;0.99;0.81
1049;163648;154;31;5;0.92;-0.05;0.55;0.59
1050;163652;57;12;5;NA;NA;NA;0.73
1051;163658;58;12;5;0.97;-0.02;0.62;0.64
1052;163660;58;12;5;1.22;0.14;0.78;0.64
1053;163665;59;12;5;1.2;0.13;0.75;0.62
1054;163673;60;12;5;1.08;0.06;0.84;0.78
1055;163679;61;13;5;0.87;-0.1;0.69;0.79
1056;163686;61;13;5;1.4;0.24;0.85;0.61
1057;163689;61;13;5;0.76;-0.16;0.49;0.65
1058;163691;61;13;5;0.96;-0.03;0.69;0.71
1059;163697;61;13;5;0.95;-0.04;0.64;0.67
1060;163699;61;13;5;0.91;-0.06;0.64;0.7
1061;163703;61;13;5;0.8;-0.12;0.49;0.61
1062;163708;66;14;5;1.48;0.26;0.81;0.55
1063;163717;67;14;5;0.91;-0.06;0.58;0.64
1064;163721;68;14;5;1.07;0.05;0.74;0.69
1065;163727;69;14;5;NA;NA;NA;0.74
1066;163744;71;15;5;0.92;-0.05;0.56;0.61
1067;163758;73;15;5;1.17;0.12;0.83;0.71
1068;163760;74;15;5;NA;NA;NA;0.53
1069;163762;74;15;5;1.3;0.19;0.84;0.65
1070;163767;75;15;5;0.88;-0.1;0.69;0.78
1071;163769;75;15;5;0.86;-0.09;0.55;0.64
1072;163778;77;16;5;0.87;-0.08;0.51;0.59
1073;163783;77;16;5;1.1;0.06;0.69;0.63
1074;163795;77;16;5;0.97;-0.02;0.61;0.63
1075;163799;77;16;5;0.94;-0.04;0.65;0.69
1076;163805;81;17;5;0.95;-0.06;1.09;1.14
1077;163830;85;17;5;1.48;0.3;0.91;0.62
1078;163833;77;16;5;1.41;0.27;0.92;0.65
1079;163835;77;16;5;1.13;0.11;0.92;0.82
1080;163838;86;18;5;1.02;0.02;0.81;0.8
1081;163849;101;21;5;1.18;0.14;0.95;0.81
1082;163855;101;21;5;1.08;0.05;0.69;0.64
1083;163857;89;18;5;1.28;0.19;0.9;0.71
1084;163861;89;18;5;0.8;-0.14;0.56;0.69
1085;163866;90;18;5;1.05;0.03;0.71;0.68
1086;163873;91;19;5;1.2;0.14;0.83;0.69
1087;163875;91;19;5;NA;NA;NA;0.76
1088;163879;92;19;5;NA;NA;NA;0.56
1089;163884;93;19;5;0.93;-0.04;0.58;0.63
1090;163886;93;19;5;1.17;0.11;0.77;0.66
1091;163891;94;19;5;NA;NA;NA;0.84
1092;163894;94;19;5;1.19;0.1;0.6;0.5
1093;163904;96;20;5;1.58;0.41;1.11;0.7
1094;163909;108;22;5;1.35;0.28;1.09;0.8
1095;163914;108;22;5;0.9;-0.07;0.64;0.71
1096;163925;99;20;5;1.16;0.12;0.85;0.73
1097;163932;100;20;5;1.12;0.08;0.73;0.66
1098;163937;101;21;5;1.14;0.08;0.67;0.59
1099;163949;103;21;5;1.56;0.31;0.86;0.55
1100;163955;104;21;5;1.15;0.1;0.76;0.66
1101;163957;104;21;5;1.39;0.29;1.02;0.74
1102;163961;105;21;5;0.73;-0.15;0.41;0.57
1103;163966;105;21;5;1.15;0.11;0.84;0.73
1104;163968;106;22;5;1.29;0.19;0.84;0.65
1105;163971;106;22;5;1.16;0.17;1.24;1.06
1106;163979;107;22;5;1.25;0.16;0.83;0.66
1107;163981;108;22;5;0.96;-0.04;1.04;1.08
1108;163989;109;22;5;NA;NA;NA;0.64
1109;163993;110;22;5;1.46;0.35;1.11;0.76
1110;163997;110;22;5;1.79;0.48;1.08;0.6
1111;164001;93;19;5;0.82;-0.12;0.56;0.68
1112;164010;117;24;5;1.66;0.48;1.21;0.73
1113;164014;111;23;5;0.93;-0.05;0.67;0.72
1114;164017;113;23;5;1.28;0.17;0.79;0.62
1115;164020;114;23;5;NA;NA;NA;0.47
1116;164022;114;23;5;0.88;-0.08;0.62;0.71
1117;164027;111;23;5;0.77;-0.17;0.57;0.74
1118;164033;116;24;5;1.24;0.2;1.04;0.84
1119;164038;117;24;5;0.79;-0.17;0.62;0.79
1120;164045;118;24;5;1.31;0.2;0.84;0.64
1121;164052;119;24;5;1.11;0.08;0.78;0.71
1122;164058;120;24;5;1.35;0.26;1;0.74
1123;164065;121;25;5;NA;NA;NA;0.56
1124;164071;122;25;5;0.38;-0.63;0.39;1.02
1125;164076;123;25;5;0.95;-0.04;0.65;0.69
1126;164080;124;25;5;0.59;-0.21;0.3;0.51
1127;164089;125;25;5;1;0;0.64;0.63
1128;164091;125;25;5;1.93;0.57;1.19;0.62
1129;164096;126;26;5;0.88;-0.08;0.56;0.63
1130;164100;127;26;5;1.39;0.31;1.09;0.78
1131;164103;127;26;5;0.66;-0.22;0.42;0.64
1132;164105;127;26;5;1.03;0.02;0.76;0.74
1133;164107;127;26;5;1.25;0.19;0.94;0.75
1134;164109;128;26;5;1.18;0.14;0.91;0.77
1135;164116;129;26;5;1.67;0.44;1.1;0.66
1136;164118;129;26;5;1.13;0.08;0.65;0.57
1137;164122;130;26;5;1.23;0.15;0.79;0.64
1138;164127;130;26;5;1.25;0.1;0.47;0.38
1139;164129;131;27;5;1.5;0.3;0.91;0.61
1140;164137;132;27;5;0.86;-0.08;0.52;0.6
1141;164141;133;27;5;0.62;-0.36;0.59;0.95
1142;164151;134;27;5;1.28;0.21;0.97;0.76
1143;164156;135;27;5;1.26;0.14;0.69;0.55
1144;164159;136;28;5;1.04;0.03;0.65;0.62
1145;164163;136;28;5;NA;NA;NA;0.57
1146;164169;137;28;5;0.55;-0.41;0.51;0.92
1147;164176;138;28;5;1.17;0.12;0.8;0.68
1148;164182;139;28;5;0.86;-0.1;0.6;0.7
1149;164186;140;28;5;NA;NA;NA;0.62
1150;164193;141;29;5;1.04;0.03;0.76;0.73
1151;164196;141;29;5;1.34;0.2;0.79;0.59
1152;164199;142;29;5;1.16;0.11;0.83;0.71
1153;164203;142;29;5;1.3;0.18;0.78;0.6
1154;164208;143;29;5;0.9;-0.06;0.57;0.63
1155;164212;144;29;5;0.99;-0.01;0.62;0.63
1156;164217;144;29;5;1.17;0.16;1.13;0.97
1157;164222;145;29;5;0.96;-0.03;0.66;0.69
1158;164224;145;29;5;1.1;0.08;0.84;0.76
1159;164228;146;30;5;1.22;0.13;0.7;0.58
1160;164235;147;30;5;1.14;0.09;0.76;0.67
1161;164238;148;30;5;0.95;-0.04;0.67;0.7
1162;164240;148;30;5;0.93;-0.04;0.6;0.64
1163;164255;150;30;5;1.15;0.11;0.8;0.7
1164;164257;150;30;5;1.45;0.23;0.73;0.5
1165;164259;151;31;5;0.95;-0.03;0.72;0.75
1166;164263;151;31;5;0.67;-0.22;0.45;0.67
1167;164266;152;31;5;0.84;-0.11;0.57;0.67
1168;164274;153;31;5;0.77;-0.16;0.56;0.72
1169;164278;154;31;5;1.01;0.01;0.66;0.65
1170;164285;155;31;5;1.37;0.27;0.98;0.72
1171;164292;156;32;5;1.34;0.22;0.86;0.64
1172;164296;157;32;5;1.28;0.2;0.91;0.71
1173;164299;157;32;5;1.38;0.21;0.75;0.55
1174;164302;157;32;5;1.24;0.12;0.61;0.49
1175;164306;158;32;5;1.01;0.01;0.86;0.85
1176;164312;159;32;5;1.25;0.19;0.96;0.77
1177;164315;159;32;5;1.38;0.28;1.03;0.75
1178;164323;161;33;5;1.36;0.26;0.98;0.72
1179;164330;162;33;5;1.76;0.32;0.75;0.43
1180;164338;163;33;5;1.22;0.16;0.9;0.74
1181;164343;164;33;5;1.53;0.43;1.25;0.82
1182;164352;165;33;5;NA;NA;NA;0.73
1183;164355;166;34;5;1.44;0.27;0.88;0.62
1184;164357;166;34;5;1.21;0.1;0.6;0.5
1185;164365;167;34;5;1.1;0.07;0.82;0.75
1186;164368;168;34;5;1.07;0.04;0.65;0.61
1187;164378;169;34;5;1.34;0.27;1.05;0.78
1188;164393;172;35;5;0.91;-0.07;0.71;0.78
1189;164400;173;35;5;0.99;-0.01;0.6;0.6
1190;164406;174;35;5;0.65;-0.26;0.47;0.73
1191;164410;175;35;5;1.46;0.31;1;0.68
1192;164420;176;36;5;1.07;0.05;0.79;0.74
1193;164424;177;36;5;1.18;0.14;0.89;0.75
1194;164431;178;36;5;NA;NA;NA;0.57
1195;164437;179;36;5;1.11;0.08;0.79;0.71
1196;164440;179;36;5;1.46;0.32;1.02;0.7
1197;164442;180;36;5;1.19;0.12;0.79;0.66
1198;164446;180;36;5;1.14;0.09;0.73;0.64
1199;164454;182;37;5;0.86;-0.07;0.47;0.55
1200;164456;182;37;5;0.98;-0.01;0.7;0.72
1201;164462;183;37;5;1.09;0.07;0.78;0.72
1202;164474;185;37;5;1.05;0.03;0.61;0.58
1203;164481;186;38;5;1.43;0.26;0.86;0.6
1204;164485;187;38;5;NA;NA;NA;0.68
1205;164489;187;38;5;1.46;0.27;0.86;0.59
1206;164494;188;38;5;1.3;0.23;1.01;0.77
1207;164500;189;38;5;NA;NA;NA;0.67
1208;164503;189;38;5;NA;NA;NA;0.78
1209;164508;190;38;5;0.68;-0.19;0.41;0.6
1210;164510;190;38;5;1.04;0.03;0.67;0.64
1211;164515;191;39;5;1.19;0.12;0.74;0.62
1212;164520;192;39;5;1.12;0.08;0.69;0.61
1213;164526;193;39;5;1.31;0.19;0.81;0.62
1214;164534;194;39;5;1.18;0.12;0.81;0.69
1215;164538;195;39;5;NA;NA;NA;0.51
1216;164544;196;40;5;1.36;0.24;0.92;0.68
1217;164550;197;40;5;0.99;-0.01;0.64;0.65
1218;164554;197;40;5;1.51;0.35;1.04;0.69
1219;164556;198;40;5;1.22;0.13;0.7;0.58
1220;164559;198;40;5;1.46;0.27;0.86;0.59
1221;164562;198;40;5;1.59;0.35;0.94;0.59
1222;164564;199;40;5;NA;NA;NA;0.61
1223;164569;199;40;5;0.8;-0.25;0.99;1.24
1224;164571;200;40;5;1.09;0.06;0.68;0.62
1225;164586;202;41;5;1.32;0.2;0.81;0.61
1226;164588;202;41;5;0.99;-0.01;0.59;0.6
1227;164593;203;41;5;1.22;0.17;0.98;0.81
1228;164598;204;41;5;1.07;0.06;0.86;0.81
1229;164601;204;41;5;1.23;0.14;0.75;0.61
1230;164604;205;41;5;1.32;0.2;0.85;0.65
1231;164607;205;41;5;1.13;0.1;0.89;0.79
1232;164616;207;42;5;1.47;0.31;0.98;0.67
1233;164624;208;42;5;0.78;-0.1;0.34;0.44
1234;164629;209;42;5;1.5;0.29;0.85;0.57
1235;164633;209;42;5;1.09;0.07;0.84;0.77
1236;164635;210;42;5;1.48;0.31;0.95;0.65
1237;164637;210;42;5;0.95;-0.04;0.64;0.67
1238;164644;211;43;5;2.31;0.39;0.69;0.3
1239;164650;214;43;5;0.78;-0.12;0.42;0.54
1240;164660;214;43;5;1.08;0.06;0.79;0.73
1241;164662;214;43;5;1.04;0.02;0.67;0.65
1242;164668;215;43;5;0.71;-0.2;0.5;0.7
1243;164672;215;43;5;0.79;-0.14;0.52;0.66
1244;164682;1;1;6;1.09;0.09;1.09;1
1245;164686;7;2;6;0.95;-0.03;0.6;0.64
1246;164688;2;1;6;1.2;0.12;0.72;0.6
1247;164692;3;1;6;1.42;0.27;0.92;0.65
1248;164695;162;33;6;1.09;0.06;0.74;0.68
1249;164709;5;1;6;1.17;0.08;0.54;0.47
1250;164714;6;2;6;1.15;0.11;0.85;0.73
1251;164719;7;2;6;1.04;0.03;0.59;0.57
1252;164721;7;2;6;0.99;-0.01;0.59;0.6
1253;164726;8;2;6;1.1;0.07;0.79;0.72
1254;164728;8;2;6;0.98;-0.01;0.69;0.71
1255;164731;10;2;6;1.07;0.04;0.55;0.52
1256;164741;6;2;6;1.48;0.39;1.21;0.82
1257;164746;12;3;6;1.02;0.02;0.8;0.78
1258;164749;12;3;6;1.14;0.1;0.81;0.71
1259;164752;12;3;6;1.51;0.38;1.13;0.75
1260;164756;12;3;6;1.05;0.03;0.68;0.64
1261;164764;14;3;6;1.29;0.15;0.65;0.51
1262;164775;16;4;6;1.02;0.01;0.76;0.75
1263;164781;20;4;6;1.03;0.02;0.62;0.6
1264;164787;21;5;6;1.29;0.19;0.85;0.66
1265;164789;22;5;6;0.95;-0.04;0.87;0.91
1266;164799;23;5;6;0.92;-0.05;0.58;0.63
1267;164806;24;5;6;1.36;0.21;0.78;0.57
1268;164811;108;22;6;0.81;-0.13;0.56;0.68
1269;164815;25;5;6;1.38;0.3;1.09;0.79
1270;164821;26;6;6;1.17;0.11;0.77;0.65
1271;164829;27;6;6;0.94;-0.03;0.52;0.56
1272;164836;30;6;6;0.71;-0.13;0.3;0.43
1273;164841;15;3;6;1.02;0.01;0.84;0.83
1274;164843;30;6;6;NA;NA;NA;0.82
1275;164867;32;7;6;0.98;-0.02;0.9;0.92
1276;164871;34;7;6;1.21;0.09;0.53;0.44
1277;164878;35;7;6;1.3;0.19;0.83;0.64
1278;164882;36;8;6;1.02;0.01;0.67;0.66
1279;164886;36;8;6;1.26;0.18;0.86;0.68
1280;164894;38;8;6;0.93;-0.04;0.57;0.62
1281;164900;38;8;6;1.29;0.21;0.92;0.71
1282;164904;38;8;6;1.34;0.31;1.21;0.9
1283;164916;41;9;6;0.99;-0.01;0.75;0.75
1284;164923;41;9;6;0.83;-0.22;1.13;1.35
1285;164925;41;9;6;0.89;-0.17;1.41;1.58
1286;164935;41;9;6;1.42;0.23;0.78;0.55
1287;164939;45;9;6;0.86;-0.09;0.58;0.67
1288;164941;45;9;6;0.78;-0.12;0.45;0.58
1289;164958;48;10;6;1.37;0.19;0.72;0.53
1290;164962;47;10;6;1.29;0.18;0.8;0.62
1291;164967;49;10;6;1.29;0.18;0.8;0.62
1292;164982;51;11;6;1.15;0.12;0.98;0.85
1293;164993;54;11;6;1.09;0.08;0.92;0.85
1294;165000;55;11;6;1.39;0.28;0.99;0.71
1295;165008;56;12;6;0.86;-0.08;0.49;0.57
1296;165011;57;12;6;1.17;0.14;0.98;0.84
1297;165017;58;12;6;0.8;-0.1;0.43;0.53
1298;165027;59;12;6;1.34;0.23;0.9;0.67
1299;165032;60;12;6;1.14;0.1;0.83;0.72
1300;165034;60;12;6;0.88;-0.07;0.52;0.6
1301;165039;61;13;6;0.91;-0.06;0.61;0.67
1302;165044;61;13;6;0.89;-0.09;0.72;0.8
1303;165058;61;13;6;1.37;0.29;1.06;0.77
1304;165066;61;13;6;1.27;0.18;0.85;0.67
1305;165071;66;14;6;1.01;0;0.55;0.55
1306;165073;70;14;6;1.16;0.11;0.84;0.73
1307;165077;70;14;6;1.22;0.14;0.8;0.65
1308;165079;67;14;6;1.15;0.12;0.93;0.81
1309;165088;69;14;6;1.03;0.02;0.65;0.63
1310;165094;67;14;6;1.99;0.66;1.32;0.66
1311;165111;72;15;6;1.07;0.05;0.77;0.72
1312;165122;74;15;6;0.95;-0.03;0.67;0.7
1313;165148;77;16;6;1.12;0.08;0.73;0.65
1314;165154;80;16;6;NA;NA;NA;0.64
1315;165161;77;16;6;1;0;0.57;0.58
1316;165172;81;17;6;1.71;0.63;1.52;0.89
1317;165181;84;17;6;1.81;0.53;1.18;0.65
1318;165188;85;17;6;0.91;-0.07;0.74;0.81
1319;165192;86;18;6;1.35;0.24;0.91;0.67
1320;165197;87;18;6;1.22;0.14;0.77;0.63
1321;165205;101;21;6;1.21;0.13;0.74;0.62
1322;165209;89;18;6;NA;NA;NA;0.7
1323;165214;90;18;6;0.89;-0.07;0.57;0.64
1324;165223;91;19;6;NA;NA;NA;0.6
1325;165230;92;19;6;NA;NA;NA;0.78
1326;165235;93;19;6;1.35;0.25;0.98;0.73
1327;165238;93;19;6;1.12;0.07;0.67;0.6
1328;165244;94;19;6;0.84;-0.11;0.57;0.68
1329;165247;95;19;6;1.08;0.06;0.78;0.72
1330;165256;96;20;6;NA;NA;NA;0.79
1331;165261;97;20;6;1.13;0.1;0.87;0.77
1332;165266;108;22;6;0.83;-0.12;0.58;0.69
1333;165270;99;20;6;0.79;-0.16;0.61;0.77
1334;165276;100;20;6;0.95;-0.03;0.61;0.65
1335;165284;101;21;6;1.25;0.17;0.88;0.7
1336;165287;101;21;6;0.86;-0.11;0.63;0.74
1337;165291;102;21;6;1.3;0.2;0.88;0.68
1338;165298;109;22;6;1;0;0.51;0.51
1339;165302;103;21;6;0.78;-0.17;0.6;0.76
1340;165308;105;21;6;1.23;0.14;0.73;0.6
1341;165314;106;22;6;1.25;0.17;0.84;0.67
1342;165318;106;22;6;1.95;0.49;1.01;0.52
1343;165321;107;22;6;1.27;0.18;0.86;0.68
1344;165327;108;22;6;1;0;0.7;0.7
1345;165331;108;22;6;1.38;0.27;0.98;0.71
1346;165334;77;16;6;1.72;0.45;1.07;0.62
1347;165337;77;16;6;1.25;0.19;0.97;0.78
1348;165341;110;22;6;0.87;-0.06;0.38;0.44
1349;165354;111;23;6;0.9;-0.07;0.69;0.76
1350;165357;117;24;6;1.51;0.33;0.97;0.64
1351;165362;113;23;6;1.21;0.14;0.8;0.66
1352;165368;114;23;6;1.22;0.14;0.78;0.64
1353;165370;114;23;6;1.01;0.01;0.6;0.59
1354;165373;95;19;6;1.09;0.06;0.78;0.72
1355;165375;111;23;6;1.11;0.06;0.65;0.58
1356;165385;51;11;6;1.07;0.07;1.04;0.96
1357;165398;119;24;6;1.16;0.1;0.74;0.64
1358;165404;120;24;6;1.23;0.13;0.69;0.56
1359;165406;120;24;6;1.31;0.26;1.09;0.83
1360;165412;121;25;6;1.42;0.19;0.65;0.46
1361;165414;121;25;6;0.86;-0.08;0.5;0.58
1362;165418;122;25;6;0.85;-0.07;0.39;0.46
1363;165423;123;25;6;0.95;-0.04;0.65;0.69
1364;165426;123;25;6;0.88;-0.08;0.56;0.63
1365;165431;124;25;6;1;0;0.53;0.53
1366;165441;125;25;6;1.01;0.01;0.64;0.63
1367;165446;126;26;6;1.66;0.48;1.21;0.73
1368;165450;127;26;6;1.34;0.26;1.04;0.78
1369;165455;128;26;6;1.55;0.41;1.16;0.74
1370;165459;128;26;6;1.33;0.23;0.93;0.7
1371;165465;129;26;6;1.04;0.03;0.82;0.79
1372;165473;131;27;6;1.24;0.16;0.83;0.67
1373;165481;132;27;6;1.81;0.46;1.02;0.57
1374;165484;132;27;6;1.14;0.1;0.86;0.76
1375;165487;133;27;6;1.04;0.03;0.81;0.78
1376;165499;135;27;6;1.43;0.4;1.32;0.92
1377;165502;135;27;6;1.61;0.44;1.16;0.72
1378;165504;135;27;6;1.51;0.38;1.12;0.74
1379;165509;136;28;6;0.89;-0.07;0.53;0.6
1380;165512;137;28;6;1.27;0.2;0.97;0.76
1381;165519;138;28;6;1.07;0.06;0.87;0.81
1382;165524;139;28;6;1.17;0.08;0.53;0.45
1383;165533;140;28;6;0.91;-0.06;0.56;0.61
1384;165536;141;29;6;0.97;-0.02;0.63;0.65
1385;165540;141;29;6;1.36;0.2;0.77;0.57
1386;165542;141;29;6;1.22;0.11;0.63;0.52
1387;165544;142;29;6;0.96;-0.03;0.59;0.61
1388;165553;143;29;6;1.42;0.46;1.55;1.09
1389;165555;143;29;6;0.79;-0.24;0.91;1.15
1390;165557;144;29;6;1.44;0.28;0.92;0.64
1391;165563;145;29;6;0.91;-0.05;0.56;0.61
1392;165573;146;30;6;1.03;0.02;0.75;0.72
1393;165578;147;30;6;0.55;-0.29;0.36;0.65
1394;165580;147;30;6;1.04;0.03;0.75;0.72
1395;165584;148;30;6;0.86;-0.09;0.6;0.69
1396;165590;149;30;6;1.1;0.07;0.7;0.64
1397;165593;149;30;6;1.53;0.33;0.95;0.62
1398;165596;150;30;6;0.93;-0.04;0.44;0.48
1399;165602;151;31;6;0.67;-0.22;0.45;0.68
1400;165607;151;31;6;0.74;-0.18;0.53;0.72
1401;165610;152;31;6;1.37;0.24;0.89;0.65
1402;165617;153;31;6;0.61;-0.24;0.37;0.61
1403;165621;59;12;6;1.14;0.09;0.75;0.66
1404;165624;154;31;6;NA;NA;NA;0.51
1405;165629;155;31;6;1.06;0.04;0.74;0.69
1406;165633;155;31;6;1.32;0.28;1.14;0.86
1407;165637;156;32;6;1.51;0.28;0.84;0.56
1408;165641;156;32;6;1;0;0.64;0.63
1409;165651;158;32;6;1.67;0.44;1.09;0.65
1410;165656;159;32;6;1.12;0.08;0.73;0.65
1411;165659;159;32;6;1.34;0.19;0.73;0.54
1412;165665;160;32;6;0.9;-0.07;0.59;0.66
1413;165670;161;33;6;0.96;-0.03;0.62;0.65
1414;165673;162;33;6;1.25;0.12;0.62;0.49
1415;165684;164;33;6;1.54;0.3;0.86;0.56
1416;165689;164;33;6;1.35;0.27;1.04;0.77
1417;165693;165;33;6;0.77;-0.09;0.31;0.41
1418;165696;165;33;6;NA;NA;NA;0.26
1419;165701;166;34;6;1.24;0.18;0.93;0.75
1420;165705;167;34;6;1.02;0.01;0.6;0.59
1421;165708;167;34;6;1.21;0.15;0.87;0.72
1422;165715;168;34;6;1.1;0.08;0.85;0.77
1423;165717;169;34;6;1.37;0.25;0.92;0.67
1424;165732;171;35;6;0.66;-0.21;0.4;0.61
1425;165737;172;35;6;1.18;0.11;0.74;0.63
1426;165742;173;35;6;0.92;-0.06;0.68;0.74
1427;165746;173;35;6;2.17;0.54;0.99;0.46
1428;165751;174;35;6;1.43;0.26;0.86;0.6
1429;165753;174;35;6;0.83;-0.11;0.54;0.65
1430;165757;175;35;6;1.06;0.04;0.73;0.69
1431;165760;175;35;6;1.02;0.01;0.73;0.72
1432;165764;176;36;6;1.14;0.09;0.73;0.64
1433;165771;177;36;6;1.2;0.16;0.96;0.8
1434;165784;179;36;6;0.96;-0.03;0.84;0.87
1435;165786;180;36;6;1.46;0.29;0.91;0.62
1436;165791;178;36;6;1.1;0.06;0.66;0.6
1437;165796;181;37;6;0.85;-0.09;0.53;0.62
1438;165800;182;37;6;1;0;0.72;0.73
1439;165802;182;37;6;1.31;0.22;0.94;0.72
1440;165808;183;37;6;1.13;0.1;0.85;0.75
1441;165815;185;37;6;0.98;-0.02;0.77;0.79
1442;165822;186;38;6;1.31;0.19;0.8;0.61
1443;165826;187;38;6;1.25;0.15;0.74;0.59
1444;165832;188;38;6;0.85;-0.09;0.52;0.61
1445;165844;189;38;6;0.95;-0.03;0.57;0.59
1446;165846;189;38;6;0.8;-0.14;0.55;0.69
1447;165849;190;38;6;0.81;-0.15;0.64;0.8
1448;165855;191;39;6;1.21;0.12;0.69;0.57
1449;165864;192;39;6;1.11;NA;NA;NA
1450;165870;193;39;6;0.97;-0.02;0.69;0.71
1451;165872;193;39;6;1.39;0.23;0.82;0.59
1452;165874;194;39;6;0.9;-0.09;0.77;0.86
1453;165884;195;39;6;0.8;-0.14;0.56;0.7
1454;165889;196;40;6;1.05;0.03;0.66;0.62
1455;165894;197;40;6;1.06;0.04;0.81;0.77
1456;165897;197;40;6;1.46;0.34;1.07;0.73
1457;165903;198;40;6;1.1;0.06;0.65;0.59
1458;165916;201;41;6;0.94;-0.04;0.62;0.66
1459;165921;201;41;6;1.07;0.04;0.66;0.62
1460;165924;202;41;6;1.43;0.29;0.97;0.68
1461;165928;202;41;6;0.7;-0.22;0.52;0.74
1462;165932;203;41;6;1.05;0.04;0.76;0.72
1463;165935;203;41;6;0.99;-0.01;0.77;0.78
1464;165941;204;41;6;1.18;0.1;0.65;0.55
1465;165946;205;41;6;1.36;0.25;0.95;0.69
1466;165948;205;41;6;0.77;-0.15;0.49;0.64
1467;165950;206;42;6;1.63;0.5;1.3;0.8
1468;165954;206;42;6;1.41;0.31;1.06;0.76
1469;165961;207;42;6;2;0.51;1.02;0.51
1470;165965;208;42;6;0.77;-0.11;0.36;0.46
1471;165970;209;42;6;0.83;-0.11;0.53;0.64
1472;165972;209;42;6;0.92;-0.06;0.65;0.7
1473;165976;210;42;6;0.9;-0.07;0.65;0.72
1474;165986;211;43;6;0.81;-0.13;0.55;0.67
1475;165990;214;43;6;0.72;-0.18;0.46;0.63
1476;165994;213;43;6;0.93;-0.06;0.74;0.79
1477;165997;213;43;6;0.83;-0.11;0.54;0.65
1478;166000;213;43;6;1.36;0.26;0.96;0.71
1479;166004;214;43;6;0.93;-0.05;0.71;0.76
1480;166006;214;43;6;1.03;0.02;0.77;0.75
1481;166011;215;43;6;0.91;-0.06;0.62;0.68
